,timestamp,user,year,month
0,2013-04-08 07:05:03,dzackgarza,2013,4
1,2013-04-14 00:21:04,vnivargi,2013,4
2,2013-04-17 00:33:58,bradjonesca,2013,4
3,2013-04-17 00:37:45,prasanthj,2013,4
4,2013-04-17 00:40:43,amcclosky,2013,4
5,2013-04-17 01:06:17,pofallon,2013,4
6,2013-04-17 01:15:02,hammer,2013,4
7,2013-04-17 01:18:29,rclayton-the-terrible,2013,4
8,2013-04-17 02:05:46,cartazio,2013,4
9,2013-04-17 04:15:20,statX,2013,4
10,2013-04-17 04:25:58,AnthonyNystrom,2013,4
11,2013-04-17 05:04:51,isll,2013,4
12,2013-04-17 05:29:30,tristanz,2013,4
13,2013-04-17 05:30:03,FaKod,2013,4
14,2013-04-17 06:45:33,johanprinsloo,2013,4
15,2013-04-17 07:08:32,vleushin,2013,4
16,2013-04-17 15:31:48,igorbrigadir,2013,4
17,2013-04-17 16:30:18,stonegao,2013,4
18,2013-04-17 16:31:33,aht,2013,4
19,2013-04-17 16:40:21,MattCrawford,2013,4
20,2013-04-17 16:45:09,svzdvd,2013,4
21,2013-04-17 16:45:37,petro-rudenko,2013,4
22,2013-04-17 16:51:15,splix,2013,4
23,2013-04-17 17:04:22,mhausenblas,2013,4
24,2013-04-17 17:16:00,yourchanges,2013,4
25,2013-04-17 17:53:20,jarhoads,2013,4
26,2013-04-17 18:29:00,santoshsahoo,2013,4
27,2013-04-17 18:47:09,renatoalbano,2013,4
28,2013-04-17 19:02:19,AndyPook,2013,4
29,2013-04-17 19:08:03,moschinski,2013,4
30,2013-04-17 19:13:32,filipeoliveiraa,2013,4
31,2013-04-17 19:20:15,dforsyth,2013,4
32,2013-04-17 19:21:01,loshia,2013,4
33,2013-04-17 19:23:05,momerath42,2013,4
34,2013-04-17 19:29:27,KartikTalwar,2013,4
35,2013-04-17 19:31:22,cromo,2013,4
36,2013-04-17 19:33:52,ixmatus,2013,4
37,2013-04-17 19:38:04,sashka,2013,4
38,2013-04-17 19:39:12,stephen-hill,2013,4
39,2013-04-17 19:40:39,josacar,2013,4
40,2013-04-17 19:49:57,mapio,2013,4
41,2013-04-17 19:55:55,lhl,2013,4
42,2013-04-17 19:58:11,chrislusf,2013,4
43,2013-04-17 20:05:16,wting,2013,4
44,2013-04-17 20:06:12,dgolds,2013,4
45,2013-04-17 20:06:34,ericanderson,2013,4
46,2013-04-17 20:08:40,pavel-drobushevich,2013,4
47,2013-04-17 20:08:52,rychkov,2013,4
48,2013-04-17 20:09:40,thalweg,2013,4
49,2013-04-17 20:12:27,bjfish,2013,4
50,2013-04-17 20:20:19,pirtlj,2013,4
51,2013-04-17 20:22:59,gregrperkins,2013,4
52,2013-04-17 20:28:07,themgt,2013,4
53,2013-04-17 20:29:41,dvliman,2013,4
54,2013-04-17 20:37:55,donpark,2013,4
55,2013-04-17 20:41:26,mente,2013,4
56,2013-04-17 20:43:09,TimothyKlim,2013,4
57,2013-04-17 20:47:18,redaready,2013,4
58,2013-04-17 20:51:08,franzinc,2013,4
59,2013-04-17 20:53:16,pilt,2013,4
60,2013-04-17 20:55:34,wojons,2013,4
61,2013-04-17 20:56:25,gozdal,2013,4
62,2013-04-17 20:56:35,strcrzy,2013,4
63,2013-04-17 20:57:42,ash211,2013,4
64,2013-04-17 21:00:00,gklein,2013,4
65,2013-04-17 21:05:34,andrioid,2013,4
66,2013-04-17 21:07:44,lzimm,2013,4
67,2013-04-17 21:08:34,evnm,2013,4
68,2013-04-17 21:09:00,tugluck,2013,4
69,2013-04-17 21:10:00,eguven,2013,4
70,2013-04-17 21:18:20,baskarp,2013,4
71,2013-04-17 21:19:56,rationalthug,2013,4
72,2013-04-17 21:22:37,peterwang,2013,4
73,2013-04-17 21:23:03,TNorden,2013,4
74,2013-04-17 21:24:02,jerluc,2013,4
75,2013-04-17 21:26:47,dgryski,2013,4
76,2013-04-17 21:27:05,nkavanagh,2013,4
77,2013-04-17 21:29:54,jonpierce,2013,4
78,2013-04-17 21:33:53,rtecco,2013,4
79,2013-04-17 21:34:40,okram,2013,4
80,2013-04-17 21:44:11,bai,2013,4
81,2013-04-17 21:45:45,adamkrone,2013,4
82,2013-04-17 21:49:33,thehydroimpulse,2013,4
83,2013-04-17 22:03:16,ebner,2013,4
84,2013-04-17 22:03:45,hargettp,2013,4
85,2013-04-17 22:08:43,narkisr,2013,4
86,2013-04-17 22:21:42,f055,2013,4
87,2013-04-17 22:29:05,miofthena,2013,4
88,2013-04-17 22:29:38,8weemfoa0v,2013,4
89,2013-04-17 22:35:55,fly,2013,4
90,2013-04-17 22:42:39,bdelmas,2013,4
91,2013-04-17 22:45:04,spmallette,2013,4
92,2013-04-17 22:47:12,jmarizgit,2013,4
93,2013-04-17 22:49:06,omarkilani,2013,4
94,2013-04-17 22:49:36,bsmirnov,2013,4
95,2013-04-17 22:59:50,seanmccully,2013,4
96,2013-04-17 23:10:48,Doppp,2013,4
97,2013-04-17 23:23:05,ido,2013,4
98,2013-04-18 00:17:09,thatdatabaseguy,2013,4
99,2013-04-18 00:18:45,craigpatten,2013,4
100,2013-04-18 00:32:12,dannycoates,2013,4
101,2013-04-18 00:33:47,spullara,2013,4
102,2013-04-18 00:42:09,flts,2013,4
103,2013-04-18 00:57:50,reyven,2013,4
104,2013-04-18 01:08:31,jrampon,2013,4
105,2013-04-18 01:17:41,josexie,2013,4
106,2013-04-18 01:23:37,moondowner,2013,4
107,2013-04-18 01:24:11,lslab,2013,4
108,2013-04-18 01:36:55,youngwookim,2013,4
109,2013-04-18 01:55:33,ryansb,2013,4
110,2013-04-18 01:55:54,juneym,2013,4
111,2013-04-18 02:10:35,jackinloadup,2013,4
112,2013-04-18 02:14:09,agreatfool,2013,4
113,2013-04-18 02:30:35,gaurav46,2013,4
114,2013-04-18 02:36:50,HowardMei,2013,4
115,2013-04-18 02:39:09,bgzxz,2013,4
116,2013-04-18 03:02:43,wankai,2013,4
117,2013-04-18 03:08:03,chetan,2013,4
118,2013-04-18 03:18:42,anayini,2013,4
119,2013-04-18 03:35:21,jravetch,2013,4
120,2013-04-18 03:39:49,FranPregernik,2013,4
121,2013-04-18 03:41:55,runexec,2013,4
122,2013-04-18 04:01:57,lalitkapoor,2013,4
123,2013-04-18 04:05:01,gembler,2013,4
124,2013-04-18 04:07:12,dmyers,2013,4
125,2013-04-18 04:10:21,tonyw,2013,4
126,2013-04-18 04:51:11,rch,2013,4
127,2013-04-18 04:55:41,caofangkun,2013,4
128,2013-04-18 04:56:20,shivawu,2013,4
129,2013-04-18 04:56:38,jianjin,2013,4
130,2013-04-18 04:57:07,drefined,2013,4
131,2013-04-18 05:11:33,silas,2013,4
132,2013-04-18 05:17:43,xianglei,2013,4
133,2013-04-18 05:36:58,hivefans,2013,4
134,2013-04-18 05:43:50,KrisSiegel,2013,4
135,2013-04-18 05:49:55,gnkr8,2013,4
136,2013-04-18 05:58:56,bhaisaab,2013,4
137,2013-04-18 06:01:27,danielribeiro,2013,4
138,2013-04-18 06:11:56,integricho,2013,4
139,2013-04-18 06:12:55,ghosthamlet,2013,4
140,2013-04-18 06:14:03,BenWhitehead,2013,4
141,2013-04-18 06:21:33,mrflip,2013,4
142,2013-04-18 06:24:30,medvetalp,2013,4
143,2013-04-18 06:38:56,bgruszka,2013,4
144,2013-04-18 06:55:57,zafarella,2013,4
145,2013-04-18 07:13:27,josefeg,2013,4
146,2013-04-18 07:16:17,usmanghani,2013,4
147,2013-04-18 07:18:05,hkjels,2013,4
148,2013-04-18 07:36:58,todjiang,2013,4
149,2013-04-18 07:40:22,jonbaer,2013,4
150,2013-04-18 07:41:43,epappas,2013,4
151,2013-04-18 07:46:02,hostmaster,2013,4
152,2013-04-18 07:49:25,grooveek,2013,4
153,2013-04-18 07:56:21,jmny,2013,4
154,2013-04-18 07:59:20,gronnbeck,2013,4
155,2013-04-18 08:24:08,greatea,2013,4
156,2013-04-18 08:33:44,sqjs,2013,4
157,2013-04-18 08:35:41,anirudhjoshi,2013,4
158,2013-04-18 08:35:45,graemeglass,2013,4
159,2013-04-18 08:47:38,typesend,2013,4
160,2013-04-18 08:56:37,rajasaur,2013,4
161,2013-04-18 08:57:41,fmardini,2013,4
162,2013-04-18 09:09:30,dukeboard,2013,4
163,2013-04-18 09:16:50,little-arhat,2013,4
164,2013-04-18 09:23:13,viksit,2013,4
165,2013-04-18 09:31:20,meghuizen,2013,4
166,2013-04-18 09:38:13,saturation,2013,4
167,2013-04-18 09:44:49,millette,2013,4
168,2013-04-18 09:50:42,matzhouse,2013,4
169,2013-04-18 09:56:30,LarsFronius,2013,4
170,2013-04-18 10:22:25,tkosmynka,2013,4
171,2013-04-18 10:37:24,sboisson,2013,4
172,2013-04-18 10:46:44,maarten,2013,4
173,2013-04-18 10:53:28,yrcjaya,2013,4
174,2013-04-18 11:00:27,devdatta,2013,4
175,2013-04-18 11:03:16,uhashimi,2013,4
176,2013-04-18 11:20:34,nimmen,2013,4
177,2013-04-18 11:39:53,manishjhawar,2013,4
178,2013-04-18 11:41:50,jan0sch,2013,4
179,2013-04-18 12:01:11,zwqjsj0404,2013,4
180,2013-04-18 12:01:19,thomvil,2013,4
181,2013-04-18 12:02:07,automatedtendencies,2013,4
182,2013-04-18 12:06:58,laxser,2013,4
183,2013-04-18 12:08:01,ianmariano,2013,4
184,2013-04-18 12:10:57,cousine,2013,4
185,2013-04-18 12:25:14,KlausJung,2013,4
186,2013-04-18 12:26:53,vonnyfly,2013,4
187,2013-04-18 12:28:46,ZOwl,2013,4
188,2013-04-18 12:59:10,daizw,2013,4
189,2013-04-18 13:00:00,ebastien,2013,4
190,2013-04-18 13:11:55,zenja,2013,4
191,2013-04-18 13:28:33,dyokomizo,2013,4
192,2013-04-18 13:37:45,kylehuang,2013,4
193,2013-04-18 14:01:27,zhoutai1989,2013,4
194,2013-04-18 14:33:02,purplecow,2013,4
195,2013-04-18 14:33:28,panterose,2013,4
196,2013-04-18 14:47:12,run,2013,4
197,2013-04-18 14:48:09,shusl,2013,4
198,2013-04-18 15:04:56,tombouctou,2013,4
199,2013-04-18 15:39:05,nchiring,2013,4
200,2013-04-18 15:40:13,ldmiao,2013,4
201,2013-04-18 15:46:35,mbastian,2013,4
202,2013-04-18 15:55:52,nkwd,2013,4
203,2013-04-18 15:57:55,fz1989,2013,4
204,2013-04-18 16:06:42,fjardon,2013,4
205,2013-04-18 16:10:00,abecciu,2013,4
206,2013-04-18 16:20:13,ktham,2013,4
207,2013-04-18 16:40:50,roshanp,2013,4
208,2013-04-18 16:45:06,arnonmoscona,2013,4
209,2013-04-18 16:46:49,mete0r,2013,4
210,2013-04-18 17:01:14,jedisct1,2013,4
211,2013-04-18 17:05:23,iskedk,2013,4
212,2013-04-18 17:27:08,lidonghua,2013,4
213,2013-04-18 17:27:10,cgwxyz,2013,4
214,2013-04-18 17:28:32,srid99,2013,4
215,2013-04-18 17:41:09,garye,2013,4
216,2013-04-18 18:33:12,dharmeshkakadia,2013,4
217,2013-04-18 18:43:15,tadev,2013,4
218,2013-04-18 18:56:50,shurizzle,2013,4
219,2013-04-18 19:19:23,pftg,2013,4
220,2013-04-18 20:19:05,fuJiin,2013,4
221,2013-04-18 20:32:01,christabor,2013,4
222,2013-04-18 20:32:24,benqian,2013,4
223,2013-04-18 23:24:40,accexine,2013,4
224,2013-04-19 00:40:37,craigwblake,2013,4
225,2013-04-19 00:59:42,boyce-ywr,2013,4
226,2013-04-19 01:32:35,xuan9,2013,4
227,2013-04-19 01:39:04,pypeng,2013,4
228,2013-04-19 01:49:48,jumping,2013,4
229,2013-04-19 02:01:58,forrest001,2013,4
230,2013-04-19 02:17:32,WuErPing,2013,4
231,2013-04-19 02:30:12,zhxgigi,2013,4
232,2013-04-19 02:45:03,wuyongzhi,2013,4
233,2013-04-19 02:56:22,yuchen,2013,4
234,2013-04-19 03:11:14,jimlaren,2013,4
235,2013-04-19 03:12:07,sbellity,2013,4
236,2013-04-19 03:26:14,JulianZhang,2013,4
237,2013-04-19 03:33:33,justinbeltran,2013,4
238,2013-04-19 04:18:29,stetzer,2013,4
239,2013-04-19 05:07:54,llhe,2013,4
240,2013-04-19 05:09:43,fandywang,2013,4
241,2013-04-19 05:13:03,guiquanz,2013,4
242,2013-04-19 05:30:49,jgmize,2013,4
243,2013-04-19 05:37:49,itay,2013,4
244,2013-04-19 05:44:30,phamductri,2013,4
245,2013-04-19 06:33:14,yc-huang,2013,4
246,2013-04-19 06:34:38,accavdar,2013,4
247,2013-04-19 07:09:23,luddic,2013,4
248,2013-04-19 07:18:34,mtebourbi,2013,4
249,2013-04-19 07:42:52,Root-nix,2013,4
250,2013-04-19 08:12:42,jiang-bo,2013,4
251,2013-04-19 09:11:08,charleseff,2013,4
252,2013-04-19 09:22:46,stkim1,2013,4
253,2013-04-19 10:01:38,rmetzler,2013,4
254,2013-04-19 10:18:44,d-dozer,2013,4
255,2013-04-19 10:37:38,liujun212,2013,4
256,2013-04-19 11:42:57,sirvaulterscoff,2013,4
257,2013-04-19 11:59:07,ckelner,2013,4
258,2013-04-19 12:13:51,omnispearjared,2013,4
259,2013-04-19 12:27:08,maheshcr,2013,4
260,2013-04-19 12:33:00,agea,2013,4
261,2013-04-19 12:38:09,sgopalan,2013,4
262,2013-04-19 12:57:10,yamingd,2013,4
263,2013-04-19 14:36:34,smallnest,2013,4
264,2013-04-19 14:54:40,coreywang,2013,4
265,2013-04-19 15:00:21,michal-harish,2013,4
266,2013-04-19 15:16:57,mihaiplesa,2013,4
267,2013-04-19 15:19:46,9numbernine9,2013,4
268,2013-04-19 15:31:44,sabinthomas,2013,4
269,2013-04-19 17:34:01,haosdent,2013,4
270,2013-04-19 17:51:31,inercia,2013,4
271,2013-04-19 18:45:26,dark5un,2013,4
272,2013-04-19 19:07:15,MarkRose,2013,4
273,2013-04-19 22:36:43,hij1nx,2013,4
274,2013-04-20 06:52:02,openweb,2013,4
275,2013-04-20 06:56:48,se77en,2013,4
276,2013-04-20 06:56:57,knightelvis,2013,4
277,2013-04-20 06:57:35,kurten,2013,4
278,2013-04-20 07:00:00,rebill,2013,4
279,2013-04-20 07:52:00,drelu,2013,4
280,2013-04-20 08:38:03,stsmedia,2013,4
281,2013-04-20 10:27:12,sfilatov,2013,4
282,2013-04-20 11:34:35,3k,2013,4
283,2013-04-20 12:47:07,3rd-Eden,2013,4
284,2013-04-20 13:13:54,zjxubinbin,2013,4
285,2013-04-20 14:07:54,mmalecki,2013,4
286,2013-04-20 15:44:41,rilian,2013,4
287,2013-04-20 20:39:22,akeem,2013,4
288,2013-04-20 23:16:30,dpa078,2013,4
289,2013-04-21 04:14:20,kss-lin,2013,4
290,2013-04-21 04:17:04,fmeyer,2013,4
291,2013-04-21 09:25:04,wangshengwangsheng,2013,4
292,2013-04-21 09:40:46,andystlee,2013,4
293,2013-04-21 13:00:40,Brhett,2013,4
294,2013-04-21 13:11:57,mvreg,2013,4
295,2013-04-21 13:25:13,noizwaves,2013,4
296,2013-04-21 14:37:38,code6,2013,4
297,2013-04-21 15:08:51,dyu,2013,4
298,2013-04-21 15:13:02,melon-aerial,2013,4
299,2013-04-21 15:14:10,branky,2013,4
300,2013-04-21 16:50:58,jdanbrown,2013,4
301,2013-04-21 20:42:36,mox601,2013,4
302,2013-04-21 21:57:57,karanjude,2013,4
303,2013-04-22 06:40:37,bdossantos,2013,4
304,2013-04-22 07:29:40,mmoulou,2013,4
305,2013-04-22 09:06:29,jbilcke,2013,4
306,2013-04-22 14:25:46,savage69kr,2013,4
307,2013-04-22 15:19:50,a9223131,2013,4
308,2013-04-22 15:28:12,pfxuan,2013,4
309,2013-04-22 16:46:20,mhaidarh,2013,4
310,2013-04-22 19:28:36,schaelle,2013,4
311,2013-04-22 21:46:08,rodion-zheludkov,2013,4
312,2013-04-22 21:51:11,mprabhuram,2013,4
313,2013-04-22 21:56:49,ryanherring,2013,4
314,2013-04-22 23:41:32,ianoc,2013,4
315,2013-04-23 01:32:48,cyberhoon,2013,4
316,2013-04-23 01:54:58,badri,2013,4
317,2013-04-23 07:33:40,tv,2013,4
318,2013-04-23 08:44:33,vmorarian,2013,4
319,2013-04-23 09:35:56,DavidAlphaFox,2013,4
320,2013-04-23 09:47:26,ddacunha,2013,4
321,2013-04-23 15:08:21,judeKim,2013,4
322,2013-04-23 15:27:27,hypermin,2013,4
323,2013-04-23 15:45:08,huangbqsky,2013,4
324,2013-04-23 16:50:47,piotrbelina,2013,4
325,2013-04-23 22:07:29,okalex,2013,4
326,2013-04-23 23:07:25,jimregan,2013,4
327,2013-04-24 02:52:27,Beckham007,2013,4
328,2013-04-24 04:26:35,likang7,2013,4
329,2013-04-24 06:13:50,thanhhh,2013,4
330,2013-04-24 16:28:00,gouthamvel,2013,4
331,2013-04-24 20:59:02,runamok,2013,4
332,2013-04-25 05:34:36,gradetwo,2013,4
333,2013-04-25 07:32:33,poornerd,2013,4
334,2013-04-25 16:50:23,amnigos,2013,4
335,2013-04-26 08:22:44,hebl,2013,4
336,2013-04-26 08:28:01,palize,2013,4
337,2013-04-26 08:42:48,hanhansoul,2013,4
338,2013-04-26 08:49:28,hellominix,2013,4
339,2013-04-26 08:53:56,youxiachai,2013,4
340,2013-04-26 09:38:00,yaobaoa,2013,4
341,2013-04-26 09:38:27,smartweb,2013,4
342,2013-04-26 09:44:11,crestxu,2013,4
343,2013-04-26 09:57:18,haolei,2013,4
344,2013-04-26 10:46:06,wukezhan,2013,4
345,2013-04-26 10:56:10,hythyt9898,2013,4
346,2013-04-26 11:00:12,aguicode,2013,4
347,2013-04-26 11:09:55,whukun,2013,4
348,2013-04-26 11:16:52,T-abide,2013,4
349,2013-04-26 11:17:21,messi18,2013,4
350,2013-04-26 11:59:55,baotong,2013,4
351,2013-04-26 13:18:40,voff12,2013,4
352,2013-04-26 13:22:46,sigusr11,2013,4
353,2013-04-26 13:56:53,hylong,2013,4
354,2013-04-26 13:57:32,wofeiwo,2013,4
355,2013-04-26 14:18:49,Jaware,2013,4
356,2013-04-26 14:28:08,xrfinbupt,2013,4
357,2013-04-26 15:41:34,ekayxu,2013,4
358,2013-04-26 17:34:33,Qinhaixiang,2013,4
359,2013-04-26 18:51:19,mifryc,2013,4
360,2013-04-26 19:29:11,yupbank,2013,4
361,2013-04-26 22:19:01,xtat,2013,4
362,2013-04-26 23:37:41,liutaon,2013,4
363,2013-04-27 00:30:20,allenfantasy,2013,4
364,2013-04-27 00:58:02,Gerodan,2013,4
365,2013-04-27 01:10:39,lovemacs,2013,4
366,2013-04-27 02:14:50,xinlong,2013,4
367,2013-04-27 02:17:37,lunny,2013,4
368,2013-04-27 02:49:17,xhkz,2013,4
369,2013-04-27 02:52:58,huangjiu,2013,4
370,2013-04-27 03:02:21,toughpeasant,2013,4
371,2013-04-27 03:06:59,yang2507366,2013,4
372,2013-04-27 04:28:41,irayer,2013,4
373,2013-04-27 05:12:14,wedgwood,2013,4
374,2013-04-27 05:30:59,cloudAi,2013,4
375,2013-04-27 05:47:19,leodream,2013,4
376,2013-04-27 06:22:04,witwall,2013,4
377,2013-04-27 09:25:40,fjarcticfox,2013,4
378,2013-04-27 13:26:16,anjsoft,2013,4
379,2013-04-27 13:26:19,Tonylinxm,2013,4
380,2013-04-27 16:15:39,jtianling,2013,4
381,2013-04-27 19:59:30,szhem,2013,4
382,2013-04-28 01:07:03,jackyhong,2013,4
383,2013-04-28 03:38:54,anjingxz,2013,4
384,2013-04-28 05:40:22,stream1984,2013,4
385,2013-04-28 08:20:40,truemany,2013,4
386,2013-04-28 15:29:03,yangliuyu,2013,4
387,2013-04-28 16:23:12,bugsbunny8,2013,4
388,2013-04-28 16:49:08,ferhatsb,2013,4
389,2013-04-28 17:10:44,diaodou,2013,4
390,2013-04-28 22:48:20,Natanael90,2013,4
391,2013-04-29 00:42:14,andy327,2013,4
392,2013-04-29 16:17:24,jppommet,2013,4
393,2013-04-29 18:39:10,dajobe,2013,4
394,2013-04-29 19:48:21,ceteri,2013,4
395,2013-04-29 21:04:07,masgari,2013,4
396,2013-04-30 00:39:45,jquacinella,2013,4
397,2013-04-30 04:00:30,Sunight,2013,4
398,2013-04-30 06:45:35,van5150,2013,4
399,2013-04-30 08:22:21,bugknightyyp,2013,4
400,2013-04-30 08:49:13,Haixing-Hu,2013,4
401,2013-05-01 09:46:17,pcdinh,2013,5
402,2013-05-01 10:17:40,priyanr,2013,5
403,2013-05-01 21:27:49,menousek,2013,5
404,2013-05-02 02:04:59,keedi,2013,5
405,2013-05-02 12:24:48,mstipetic,2013,5
406,2013-05-02 12:27:20,jnan77,2013,5
407,2013-05-02 17:29:47,Tonyliu2ca,2013,5
408,2013-05-02 18:29:15,berngp,2013,5
409,2013-05-03 00:35:51,tchaos,2013,5
410,2013-05-03 00:56:22,bgaleotti,2013,5
411,2013-05-03 01:11:56,CrazyJune,2013,5
412,2013-05-03 01:40:35,dyf128,2013,5
413,2013-05-03 02:20:24,zhangjx,2013,5
414,2013-05-03 05:34:37,nivance,2013,5
415,2013-05-03 05:47:15,medcl,2013,5
416,2013-05-03 06:24:15,RemyLiu,2013,5
417,2013-05-03 07:47:26,eugeneiiim,2013,5
418,2013-05-03 08:06:59,feilaoda,2013,5
419,2013-05-03 11:24:32,arnaudsj,2013,5
420,2013-05-03 16:25:28,michael4RD,2013,5
421,2013-05-04 06:15:44,wanpeng,2013,5
422,2013-05-04 07:56:38,kennethito,2013,5
423,2013-05-04 08:52:26,softlight0629,2013,5
424,2013-05-04 16:15:48,yongqiangzou,2013,5
425,2013-05-04 18:00:26,shah,2013,5
426,2013-05-04 22:23:47,silentnull,2013,5
427,2013-05-05 05:39:46,thinxer,2013,5
428,2013-05-05 23:16:02,ludovicc,2013,5
429,2013-05-06 14:14:02,DavyLin,2013,5
430,2013-05-06 21:41:28,paradoxe,2013,5
431,2013-05-08 02:39:28,xieyuchen,2013,5
432,2013-05-08 07:52:56,superjavason,2013,5
433,2013-05-09 05:42:30,rendykstan,2013,5
434,2013-05-09 13:18:28,shangjiyu,2013,5
435,2013-05-10 05:48:22,amirhyoussefi,2013,5
436,2013-05-10 06:43:43,sysbot,2013,5
437,2013-05-10 21:05:00,cflowe,2013,5
438,2013-05-11 08:50:57,ymc-geha,2013,5
439,2013-05-11 11:08:19,kul,2013,5
440,2013-05-11 23:21:14,dlamotte,2013,5
441,2013-05-13 00:48:49,tadeucruz,2013,5
442,2013-05-13 05:24:45,fastzhong,2013,5
443,2013-05-15 05:11:28,arrawatia,2013,5
444,2013-05-15 06:35:59,haoyuan,2013,5
445,2013-05-15 17:45:59,nxbdi,2013,5
446,2013-05-19 16:09:42,mtrimpe,2013,5
447,2013-05-19 20:12:09,ggreg,2013,5
448,2013-05-22 00:12:49,parth-patil,2013,5
449,2013-05-22 10:47:54,ssowerby,2013,5
450,2013-05-23 10:38:10,michiard,2013,5
451,2013-05-23 17:35:52,incuo,2013,5
452,2013-05-25 21:54:50,MartyHub,2013,5
453,2013-05-27 17:47:36,yashk,2013,5
454,2013-05-30 21:52:59,petteraas,2013,5
455,2013-05-31 07:11:05,ethlo,2013,5
456,2013-06-01 06:01:40,kingnez,2013,6
457,2013-06-06 03:36:36,nourlcn,2013,6
458,2013-06-06 19:31:27,kwarrick,2013,6
459,2013-06-07 14:26:57,qiaoyan,2013,6
460,2013-06-07 15:12:00,jez0990,2013,6
461,2013-06-07 22:47:14,mitliagkas,2013,6
462,2013-06-08 11:48:13,X4,2013,6
463,2013-06-09 20:00:52,ChromoX,2013,6
464,2013-06-11 15:17:43,james-m,2013,6
465,2013-06-12 04:08:58,johnynek,2013,6
466,2013-06-12 22:14:35,teeler,2013,6
467,2013-06-16 11:38:30,kevinng,2013,6
468,2013-06-17 01:01:28,crimeminister,2013,6
469,2013-06-17 04:11:59,wikieden,2013,6
470,2013-06-18 06:08:20,jzmq,2013,6
471,2013-06-20 01:41:04,wdroste,2013,6
472,2013-06-21 17:22:50,mw-ding,2013,6
473,2013-06-23 18:57:07,kasey,2013,6
474,2013-06-24 12:03:32,fractal,2013,6
475,2013-06-27 12:01:44,jhermann,2013,6
476,2013-06-28 07:43:55,cola1129,2013,6
477,2013-06-28 14:49:11,tjweir,2013,6
478,2013-06-30 15:47:31,dcolish,2013,6
479,2013-07-01 13:40:06,sunxiaoguang,2013,7
480,2013-07-01 20:55:48,timothysc,2013,7
481,2013-07-02 07:21:29,hanw,2013,7
482,2013-07-03 05:45:34,CruncherBigData,2013,7
483,2013-07-03 20:07:22,LordFPL,2013,7
484,2013-07-09 02:57:37,AshwinJay,2013,7
485,2013-07-09 03:19:55,kumarishan,2013,7
486,2013-07-09 10:11:29,kernel164,2013,7
487,2013-07-10 06:00:12,imikushin,2013,7
488,2013-07-12 07:25:59,fairchild,2013,7
489,2013-07-15 06:34:17,wuxian,2013,7
490,2013-07-17 03:06:50,XAviii,2013,7
491,2013-07-17 06:45:44,lmazzon,2013,7
492,2013-07-17 08:39:40,fightingbamboo,2013,7
493,2013-07-20 12:18:40,xoovu,2013,7
494,2013-07-21 00:47:18,sergiolepore,2013,7
495,2013-07-21 02:02:35,aburan28,2013,7
496,2013-07-22 00:50:38,marcelo-duffles,2013,7
497,2013-07-22 02:11:31,ice6,2013,7
498,2013-07-22 08:17:42,Earthson,2013,7
499,2013-07-30 14:39:12,gclover,2013,7
500,2013-07-31 09:01:59,gebrits,2013,7
501,2013-08-01 18:20:25,lcampbell,2013,8
502,2013-08-07 04:38:05,oza,2013,8
503,2013-08-08 13:51:56,gubra,2013,8
504,2013-08-08 13:59:39,smalltrue,2013,8
505,2013-08-08 16:37:37,alexkehayias,2013,8
506,2013-08-12 18:07:39,leobessa,2013,8
507,2013-08-13 01:14:30,manuzhang,2013,8
508,2013-08-14 19:55:22,lyda,2013,8
509,2013-08-19 12:15:26,pengkw,2013,8
510,2013-08-20 16:00:19,ericmm,2013,8
511,2013-08-24 22:59:58,sevenoctaves,2013,8
512,2013-08-25 18:29:48,opexxx,2013,8
513,2013-08-26 06:55:24,priestzhou,2013,8
514,2013-08-26 11:17:31,zzp8164,2013,8
515,2013-08-27 04:50:35,andykram,2013,8
516,2013-08-27 08:43:06,seasar,2013,8
517,2013-08-29 22:20:52,noahwhite,2013,8
518,2013-08-30 21:50:44,gavinmbell,2013,8
519,2013-08-31 07:51:21,AndyRao,2013,8
520,2013-09-01 11:36:09,jiahut,2013,9
521,2013-09-01 16:25:09,viswaa88,2013,9
522,2013-09-03 06:08:13,jmu,2013,9
523,2013-09-03 06:29:47,changlan,2013,9
524,2013-09-04 03:40:20,luisbebop,2013,9
525,2013-09-05 23:05:01,cybermaster,2013,9
526,2013-09-06 17:58:06,floydsoft,2013,9
527,2013-09-10 03:06:08,trieu,2013,9
528,2013-09-10 04:52:47,spring53025,2013,9
529,2013-09-11 08:43:23,pelick,2013,9
530,2013-09-12 22:19:05,damiendube,2013,9
531,2013-09-13 10:05:00,newsky,2013,9
532,2013-09-14 10:47:24,decster,2013,9
533,2013-09-16 03:34:30,strategist922,2013,9
534,2013-09-16 05:12:46,piaolingxue,2013,9
535,2013-09-16 17:11:42,rortian,2013,9
536,2013-09-16 21:59:38,gaurence,2013,9
537,2013-09-18 06:17:50,nanki,2013,9
538,2013-09-18 09:28:11,terencewei,2013,9
539,2013-09-21 09:57:17,vidakovic,2013,9
540,2013-09-22 23:46:43,soumyasd,2013,9
541,2013-09-23 02:58:42,ridewindx,2013,9
542,2013-09-25 15:18:47,cxdf,2013,9
543,2013-09-26 03:34:10,yaojuncn,2013,9
544,2013-09-29 21:42:24,umbrant,2013,9
545,2013-10-01 18:08:12,jrk,2013,10
546,2013-10-04 20:30:25,jbijoux,2013,10
547,2013-10-09 09:31:09,rishikulkarni,2013,10
548,2013-10-09 16:10:47,nmtadam,2013,10
549,2013-10-11 15:42:17,jt120,2013,10
550,2013-10-11 16:45:17,wszyquan,2013,10
551,2013-10-12 13:07:34,atomd,2013,10
552,2013-10-14 17:02:23,gaoyunhaii,2013,10
553,2013-10-15 13:02:01,rogarcia,2013,10
554,2013-10-16 17:37:50,byu,2013,10
555,2013-10-17 06:08:05,espeed,2013,10
556,2013-10-22 23:57:15,mateiz,2013,10
557,2013-10-23 12:16:55,zeromem,2013,10
558,2013-10-25 09:49:26,invkrh,2013,10
559,2013-10-27 02:56:18,zsbfree,2013,10
560,2013-10-27 03:31:47,zilong,2013,10
561,2013-10-28 01:55:02,AkashaCheung,2013,10
562,2013-10-28 07:07:32,praveenr019,2013,10
563,2013-10-28 14:50:48,cmenguy,2013,10
564,2013-10-30 06:04:34,howie,2013,10
565,2013-10-30 09:19:17,fujohnwang,2013,10
566,2013-10-30 20:50:30,ostera,2013,10
567,2013-10-30 21:34:39,suryavanshi,2013,10
568,2013-11-04 03:58:48,xuanhan863,2013,11
569,2013-11-06 17:59:53,andyzweb,2013,11
570,2013-11-08 15:29:42,shanewilson,2013,11
571,2013-11-08 19:23:08,dkanoafry,2013,11
572,2013-11-09 00:56:40,ooq,2013,11
573,2013-11-11 05:45:26,derrickburns,2013,11
574,2013-11-12 05:05:35,alex-fu,2013,11
575,2013-11-12 17:00:47,zouzhberk,2013,11
576,2013-11-13 03:20:39,naterockhold,2013,11
577,2013-11-15 06:54:29,thinkingfish,2013,11
578,2013-11-15 08:00:44,kgryte,2013,11
579,2013-11-16 16:40:00,shunwang,2013,11
580,2013-11-17 00:57:32,manboubird,2013,11
581,2013-11-17 10:51:41,cyrusin,2013,11
582,2013-11-17 14:04:33,jeffreywugz,2013,11
583,2013-11-18 03:23:44,funkygao,2013,11
584,2013-11-21 14:12:54,coding-tiger,2013,11
585,2013-11-22 09:27:37,liyezhang556520,2013,11
586,2013-11-23 14:01:12,BlackNiuza,2013,11
587,2013-11-24 01:12:22,coodoing,2013,11
588,2013-11-25 00:27:10,markguo,2013,11
589,2013-11-25 02:13:07,PangHua,2013,11
590,2013-11-25 02:31:32,NoDurex,2013,11
591,2013-11-25 02:39:49,dsoprea,2013,11
592,2013-11-25 12:44:21,GraceH,2013,11
593,2013-11-27 03:50:21,jazzwang,2013,11
594,2013-11-27 14:59:03,utgarda,2013,11
595,2013-11-28 10:17:14,dgreco,2013,11
596,2013-11-28 11:14:11,errord,2013,11
597,2013-11-29 08:25:47,nyarla,2013,11
598,2013-11-29 11:54:19,cffyh,2013,11
599,2013-11-30 01:21:23,markdays,2013,11
600,2013-12-02 14:27:14,forrestbing,2013,12
601,2013-12-02 15:10:45,cccssw,2013,12
602,2013-12-02 20:51:14,ilovebucher2,2013,12
603,2013-12-03 14:30:07,ulinkwo,2013,12
604,2013-12-04 11:48:01,alaxwang,2013,12
605,2013-12-04 15:40:52,anty,2013,12
606,2013-12-06 06:19:14,phooeny,2013,12
607,2013-12-10 08:03:06,cjie888,2013,12
608,2013-12-11 04:00:52,sam-splat,2013,12
609,2013-12-14 15:27:33,chaoaero,2013,12
610,2013-12-20 05:37:58,okapies,2013,12
611,2013-12-20 05:58:50,hantianxingchen,2013,12
612,2013-12-20 09:25:54,buhe,2013,12
613,2013-12-20 21:55:38,Gwillink,2013,12
614,2013-12-23 07:38:21,adrianlzt,2013,12
615,2013-12-23 07:49:21,yansmallb,2013,12
616,2013-12-24 09:04:28,CrazyJvm,2013,12
617,2013-12-24 10:11:16,kuliu,2013,12
618,2013-12-25 03:44:47,askender,2013,12
619,2013-12-25 08:23:37,vegaluan,2013,12
620,2013-12-26 04:33:08,wolvever,2013,12
621,2013-12-28 05:05:22,swimmingsand,2013,12
622,2013-12-29 13:19:44,Achrome,2013,12
623,2013-12-29 15:48:13,zzbased,2013,12
624,2013-12-30 06:29:37,rxin,2013,12
625,2013-12-30 07:49:56,yangmian7721,2013,12
626,2013-12-31 12:36:20,amiorin,2013,12
627,2014-01-02 07:22:14,ngbinh,2014,1
628,2014-01-03 08:36:03,shancci,2014,1
629,2014-01-03 10:26:05,cydu,2014,1
630,2014-01-03 21:17:04,arfaian,2014,1
631,2014-01-04 00:40:32,kovasb,2014,1
632,2014-01-04 11:24:07,zouguangxian,2014,1
633,2014-01-05 21:15:28,jcampo,2014,1
634,2014-01-07 06:41:56,mariliamelo,2014,1
635,2014-01-07 07:49:35,NotAndOr,2014,1
636,2014-01-09 09:52:59,n0way,2014,1
637,2014-01-10 18:40:18,mjacobs,2014,1
638,2014-01-14 03:26:57,fldani,2014,1
639,2014-01-14 15:13:38,ventralnet,2014,1
640,2014-01-15 09:20:08,xixuebin,2014,1
641,2014-01-15 15:10:53,webshow,2014,1
642,2014-01-16 09:22:00,andreisavu,2014,1
643,2014-01-17 02:37:38,snkzhong,2014,1
644,2014-01-17 06:04:12,barakawei,2014,1
645,2014-01-17 12:02:08,StephanErb,2014,1
646,2014-01-18 23:19:19,florinbroasca,2014,1
647,2014-01-22 08:45:25,wake6120,2014,1
648,2014-01-23 07:24:34,larbing,2014,1
649,2014-01-23 19:01:50,thejasonfisher,2014,1
650,2014-01-24 08:07:31,zairl23,2014,1
651,2014-01-25 23:30:31,kmader,2014,1
652,2014-01-26 05:22:48,AndyHelix,2014,1
653,2014-01-26 21:01:31,slojo404,2014,1
654,2014-01-27 09:52:26,JianfuLi,2014,1
655,2014-01-27 23:28:58,edgarmb,2014,1
656,2014-01-28 14:11:36,PeterWeller,2014,1
657,2014-02-02 07:52:28,dcrankshaw,2014,2
658,2014-02-02 07:57:12,tsubame959,2014,2
659,2014-02-04 17:15:44,SkylarKelty,2014,2
660,2014-02-04 19:50:54,debben,2014,2
661,2014-02-05 02:43:04,gewanbo,2014,2
662,2014-02-05 17:25:35,eprparadocs,2014,2
663,2014-02-05 19:22:30,zachbadgett,2014,2
664,2014-02-05 23:56:12,JT5D,2014,2
665,2014-02-06 03:28:57,daveshow,2014,2
666,2014-02-06 05:57:30,cloudboy,2014,2
667,2014-02-06 17:55:18,ino-bto,2014,2
668,2014-02-07 02:04:23,nowfred,2014,2
669,2014-02-07 03:32:59,wyingquan,2014,2
670,2014-02-08 21:32:42,cantora,2014,2
671,2014-02-09 03:41:07,caizongchao,2014,2
672,2014-02-10 02:54:10,huangjun-pg,2014,2
673,2014-02-10 08:08:00,tekbasse,2014,2
674,2014-02-12 04:39:24,sdywcd,2014,2
675,2014-02-12 10:29:41,sizhiyuan,2014,2
676,2014-02-14 04:13:15,bluesea147,2014,2
677,2014-02-14 04:30:06,yashwant,2014,2
678,2014-02-14 17:45:51,lossyrob,2014,2
679,2014-02-15 04:15:54,extesy,2014,2
680,2014-02-17 03:54:02,kn,2014,2
681,2014-02-17 17:22:10,noctarius,2014,2
682,2014-02-20 04:08:35,cjm0000000,2014,2
683,2014-02-24 06:34:29,zhpengg,2014,2
684,2014-02-26 01:34:03,openaphid,2014,2
685,2014-02-26 11:58:22,astergu,2014,2
686,2014-02-27 08:08:39,summerhai,2014,2
687,2014-03-01 08:42:06,mookerji,2014,3
688,2014-03-01 09:49:59,undancer,2014,3
689,2014-03-01 17:29:03,MegaByte,2014,3
690,2014-03-02 02:54:48,The-Alchemist,2014,3
691,2014-03-02 23:40:43,josh-wrale,2014,3
692,2014-03-03 05:43:08,jiangzhx,2014,3
693,2014-03-05 14:11:27,wangyuanzheng,2014,3
694,2014-03-06 21:08:35,skynet,2014,3
695,2014-03-07 01:41:34,yangbajing,2014,3
696,2014-03-11 11:32:12,onlysavior,2014,3
697,2014-03-11 14:42:04,Jackygq1982,2014,3
698,2014-03-12 16:00:51,x-itec,2014,3
699,2014-03-12 22:31:19,wendigo,2014,3
700,2014-03-13 11:12:15,cgq355716727,2014,3
701,2014-03-15 15:47:28,BlueSkyChina,2014,3
702,2014-03-18 01:11:34,dengjinbo,2014,3
703,2014-03-18 15:02:04,yuchao86,2014,3
704,2014-03-20 06:40:40,guolianwei,2014,3
705,2014-03-20 06:57:10,ComplexQubit,2014,3
706,2014-03-23 12:33:00,moerstw,2014,3
707,2014-03-24 14:03:31,sunnybest1990,2014,3
708,2014-03-24 14:53:38,seateng,2014,3
709,2014-03-26 06:36:33,elee,2014,3
710,2014-03-26 11:05:07,Frank-Wu,2014,3
711,2014-03-27 03:35:29,helifee,2014,3
712,2014-03-28 02:20:12,iSubin,2014,3
713,2014-03-28 09:06:53,liqites,2014,3
714,2014-03-28 16:45:58,sonamjain01,2014,3
715,2014-03-30 07:27:57,zs1621,2014,3
716,2014-04-01 02:04:52,luoka,2014,4
717,2014-04-01 15:46:13,zuyu,2014,4
718,2014-04-01 22:25:43,yunseong,2014,4
719,2014-04-04 07:49:12,hengzhang,2014,4
720,2014-04-05 18:51:41,reeyuk,2014,4
721,2014-04-06 12:24:07,lukasnalezenec,2014,4
722,2014-04-07 16:15:37,esjewett,2014,4
723,2014-04-09 01:48:19,xiestar,2014,4
724,2014-04-09 05:52:00,myui,2014,4
725,2014-04-09 12:37:26,006,2014,4
726,2014-04-10 09:39:56,moistrot,2014,4
727,2014-04-10 13:04:01,superxp1412,2014,4
728,2014-04-11 03:42:15,robbinhan,2014,4
729,2014-04-13 11:29:43,msino,2014,4
730,2014-04-14 02:45:47,zengchanghuan,2014,4
731,2014-04-14 08:59:37,lavenderwords,2014,4
732,2014-04-16 13:35:40,yhuai,2014,4
733,2014-04-16 14:08:11,lige,2014,4
734,2014-04-17 08:11:37,liuct,2014,4
735,2014-04-18 03:40:08,huanghao1986,2014,4
736,2014-04-18 04:47:44,sleeplessman,2014,4
737,2014-04-19 01:03:55,api4me,2014,4
738,2014-04-21 16:21:50,dataknocker,2014,4
739,2014-04-22 09:31:21,rt77789,2014,4
740,2014-04-22 12:51:23,WangTaoTheTonic,2014,4
741,2014-04-22 19:10:33,mingchan,2014,4
742,2014-04-23 08:02:45,ray-dong,2014,4
743,2014-04-26 03:42:57,xuxiao,2014,4
744,2014-04-28 21:30:43,morozovm,2014,4
745,2014-04-29 15:11:38,PatrickDehkordi,2014,4
746,2014-04-30 09:37:10,zhlkkk,2014,4
747,2014-05-04 04:26:11,lorca,2014,5
748,2014-05-04 17:54:24,tjc0411,2014,5
749,2014-05-05 02:26:19,maropu,2014,5
750,2014-05-07 05:00:40,lpj0017,2014,5
751,2014-05-07 09:08:18,kinganeng,2014,5
752,2014-05-12 14:15:28,izhangxiaobo,2014,5
753,2014-05-12 14:42:47,yjshen,2014,5
754,2014-05-14 11:07:20,gk23,2014,5
755,2014-05-19 05:12:50,chenghao-intel,2014,5
756,2014-05-19 13:36:55,xianhuawei,2014,5
757,2014-05-21 20:50:15,crudbug,2014,5
758,2014-05-21 23:00:27,checkcheckzz,2014,5
759,2014-05-22 15:53:07,micrub,2014,5
760,2014-05-23 14:06:11,lxyboy,2014,5
761,2014-05-25 09:14:50,YuchongHu,2014,5
762,2014-05-30 21:12:07,alberts,2014,5
763,2014-05-31 01:25:30,ChienliMa,2014,5
764,2014-05-31 23:12:33,eldabbagh,2014,5
765,2014-06-02 12:16:45,xjodoin,2014,6
766,2014-06-04 10:33:03,aparo,2014,6
767,2014-06-04 16:37:28,lboaretto,2014,6
768,2014-06-04 16:38:29,capacman,2014,6
769,2014-06-04 18:41:13,sherylj,2014,6
770,2014-06-08 07:38:50,litao-buptsse,2014,6
771,2014-06-11 20:40:36,bamos,2014,6
772,2014-06-12 10:17:25,ezdevelop,2014,6
773,2014-06-15 19:23:07,strimp099,2014,6
774,2014-06-16 20:27:37,savelyenne,2014,6
775,2014-06-19 07:32:57,simsky,2014,6
776,2014-06-19 07:45:23,ambling,2014,6
777,2014-06-19 10:28:56,enzoma,2014,6
778,2014-06-19 14:44:00,MHarris021,2014,6
779,2014-06-21 02:19:39,tbinjiayou,2014,6
780,2014-06-22 02:47:06,gufeisun,2014,6
781,2014-06-22 09:02:04,qhd301wangjp,2014,6
782,2014-06-25 13:27:37,dadrox,2014,6
783,2014-06-25 21:16:54,anantasty,2014,6
784,2014-06-27 10:31:31,uronce-cc,2014,6
785,2014-06-27 13:08:26,fedragon,2014,6
786,2014-06-27 15:49:33,mflu,2014,6
787,2014-06-28 03:46:58,ilovejs,2014,6
788,2014-06-28 05:05:20,hunslater,2014,6
789,2014-06-29 17:13:38,umhan35,2014,6
790,2014-06-30 22:25:16,pingyan,2014,6
791,2014-06-30 22:27:17,d3borah,2014,6
792,2014-06-30 22:36:43,jigrinc,2014,6
793,2014-07-01 08:41:02,ericmocha,2014,7
794,2014-07-01 17:30:18,ramiyer,2014,7
795,2014-07-02 07:09:55,wangzhiyuan,2014,7
796,2014-07-03 23:18:56,keolson,2014,7
797,2014-07-04 05:33:36,witgo,2014,7
798,2014-07-04 11:58:46,aseigneurin,2014,7
799,2014-07-05 04:09:31,davideuler,2014,7
800,2014-07-06 18:49:35,Vaess,2014,7
801,2014-07-08 12:57:13,niujiale,2014,7
802,2014-07-09 06:18:50,RongGu,2014,7
803,2014-07-09 13:10:29,cugni,2014,7
804,2014-07-10 06:05:36,toddyu,2014,7
805,2014-07-11 15:56:15,huangchanghu,2014,7
806,2014-07-16 04:48:53,ukouryou,2014,7
807,2014-07-17 14:58:25,mangaohua,2014,7
808,2014-07-18 03:09:04,770554403,2014,7
809,2014-07-18 06:05:24,priyankrastogi,2014,7
810,2014-07-21 02:21:42,sequoiar,2014,7
811,2014-07-21 04:53:11,WaldonChen,2014,7
812,2014-07-21 18:33:06,cameronjacobson,2014,7
813,2014-07-22 03:46:32,naonaoyh,2014,7
814,2014-07-22 04:38:03,chsjiang,2014,7
815,2014-07-22 06:50:47,zhoutai,2014,7
816,2014-07-22 07:04:50,chicharitolu,2014,7
817,2014-07-22 07:18:17,FatGhosta,2014,7
818,2014-07-22 07:18:32,regrecall,2014,7
819,2014-07-22 10:15:00,cloudtrends,2014,7
820,2014-07-22 10:27:42,yangl,2014,7
821,2014-07-22 12:05:45,anancds,2014,7
822,2014-07-22 12:41:12,gzc9047,2014,7
823,2014-07-22 12:44:58,langxuan,2014,7
824,2014-07-22 15:58:04,sunnycomes,2014,7
825,2014-07-23 01:23:29,yaoyepeng,2014,7
826,2014-07-23 01:25:49,treejames,2014,7
827,2014-07-23 02:16:55,ijustloveses,2014,7
828,2014-07-23 02:23:16,webwlsong,2014,7
829,2014-07-23 03:24:21,EpisodeXI,2014,7
830,2014-07-23 05:01:27,pengyong,2014,7
831,2014-07-23 06:08:26,shenzhun,2014,7
832,2014-07-23 06:08:32,leverly,2014,7
833,2014-07-23 10:59:59,cardmobili-hugog,2014,7
834,2014-07-24 02:04:07,googya,2014,7
835,2014-07-24 02:15:43,kimocrossman,2014,7
836,2014-07-24 06:05:17,liuheng,2014,7
837,2014-07-24 19:21:23,MrChrisJohnson,2014,7
838,2014-07-24 20:01:23,naphthalene,2014,7
839,2014-07-25 05:06:35,ouabing,2014,7
840,2014-07-26 02:26:15,cos-core,2014,7
841,2014-07-26 04:33:44,xiatiansong,2014,7
842,2014-07-28 03:20:47,larryxiao,2014,7
843,2014-07-28 10:21:13,zqhxuyuan,2014,7
844,2014-07-29 22:27:34,jcampo-cloudera,2014,7
845,2014-07-30 15:22:34,hadfield,2014,7
846,2014-07-31 04:48:41,AskDrCatcher,2014,7
847,2014-08-01 14:50:50,ChinaXing,2014,8
848,2014-08-03 02:17:35,kevin28103,2014,8
849,2014-08-03 13:33:49,alekmych,2014,8
850,2014-08-04 15:15:11,chupvl,2014,8
851,2014-08-04 20:32:52,pditommaso,2014,8
852,2014-08-05 18:47:34,tninja,2014,8
853,2014-08-06 04:57:15,alexband,2014,8
854,2014-08-06 06:44:28,zjm1126,2014,8
855,2014-08-06 12:31:23,tiensonqin,2014,8
856,2014-08-07 02:17:01,eryueniaobp,2014,8
857,2014-08-07 08:42:26,fxsjy,2014,8
858,2014-08-07 13:23:23,fanyeren,2014,8
859,2014-08-09 22:26:31,webhat,2014,8
860,2014-08-10 07:41:17,samueli,2014,8
861,2014-08-11 13:54:10,AlanRu,2014,8
862,2014-08-11 14:59:23,alexcwyu,2014,8
863,2014-08-13 09:46:36,dbrambilla,2014,8
864,2014-08-13 12:32:24,lyasper,2014,8
865,2014-08-13 13:12:13,yintaoxue,2014,8
866,2014-08-16 14:08:45,lzlstyle,2014,8
867,2014-08-17 06:03:10,yanglian99,2014,8
868,2014-08-18 05:42:09,tminglei,2014,8
869,2014-08-18 06:13:55,ztianjin,2014,8
870,2014-08-18 14:10:37,gauravkaul,2014,8
871,2014-08-19 02:29:58,ValarDohareris,2014,8
872,2014-08-19 10:51:10,daiwei89,2014,8
873,2014-08-21 12:47:32,scienartist,2014,8
874,2014-08-24 06:39:05,ConnorDoyle,2014,8
875,2014-08-25 11:03:55,fatihky,2014,8
876,2014-08-26 00:59:15,Earne,2014,8
877,2014-08-26 13:06:50,xialei,2014,8
878,2014-08-26 19:35:16,rmetzger,2014,8
879,2014-08-27 16:36:04,jkuhnert,2014,8
880,2014-08-28 02:58:44,swatDong,2014,8
881,2014-08-28 04:02:19,kenly33,2014,8
882,2014-08-28 05:01:40,thinker0,2014,8
883,2014-08-28 12:57:46,cocodee,2014,8
884,2014-08-30 08:34:27,theoryno3,2014,8
885,2014-09-01 09:11:01,hepin1989,2014,9
886,2014-09-01 14:33:24,GangCao,2014,9
887,2014-09-02 23:41:11,mtunique,2014,9
888,2014-09-03 03:44:15,xiaoao,2014,9
889,2014-09-03 21:53:26,clausewitz,2014,9
890,2014-09-05 01:17:14,Scott007,2014,9
891,2014-09-05 04:18:53,balajirrao,2014,9
892,2014-09-05 07:45:29,qiaohaijun,2014,9
893,2014-09-05 08:58:32,dapurv5,2014,9
894,2014-09-08 11:03:38,tnamigata,2014,9
895,2014-09-09 07:07:07,jy00464346,2014,9
896,2014-09-09 14:47:08,yu-iskw,2014,9
897,2014-09-12 03:21:05,luoweiroway,2014,9
898,2014-09-13 01:01:47,jessedavidson,2014,9
899,2014-09-14 21:50:51,RayOfCreation,2014,9
900,2014-09-14 22:19:05,michaelfy,2014,9
901,2014-09-15 01:21:41,thedebugger,2014,9
902,2014-09-15 07:04:52,andre-git,2014,9
903,2014-09-16 05:36:30,ceys,2014,9
904,2014-09-16 09:11:16,gaogf,2014,9
905,2014-09-16 21:29:57,jschnitzer,2014,9
906,2014-09-17 12:27:02,Raini-zhe,2014,9
907,2014-09-19 06:53:06,hangqi,2014,9
908,2014-09-21 14:09:02,NathanYP,2014,9
909,2014-09-22 06:16:10,likaiguo,2014,9
910,2014-09-23 13:07:11,dehuan,2014,9
911,2014-09-23 18:48:14,gkze,2014,9
912,2014-09-24 02:19:29,zorksylar,2014,9
913,2014-09-24 06:37:59,joshuayao,2014,9
914,2014-09-25 14:52:35,darionyaphet,2014,9
915,2014-09-26 03:08:18,JarvisZhang,2014,9
916,2014-09-27 08:19:35,kris21he,2014,9
917,2014-09-28 07:50:49,ilayaperumalg,2014,9
918,2014-09-28 10:30:59,sdcsyyg,2014,9
919,2014-09-29 04:27:17,romantic123,2014,9
920,2014-09-29 07:38:40,huafengw,2014,9
921,2014-09-30 02:32:43,jasin08,2014,9
922,2014-10-02 10:07:13,KeyLin,2014,10
923,2014-10-03 16:30:16,nordaux,2014,10
924,2014-10-06 15:16:29,loleek,2014,10
925,2014-10-07 00:36:42,mrt,2014,10
926,2014-10-08 09:36:15,lonely7345,2014,10
927,2014-10-08 12:16:41,RedLove,2014,10
928,2014-10-10 06:09:01,amom,2014,10
929,2014-10-10 13:04:45,uptoknow,2014,10
930,2014-10-11 08:35:10,aiyanbo,2014,10
931,2014-10-11 09:20:32,sunguilin,2014,10
932,2014-10-11 09:29:51,hanzheng,2014,10
933,2014-10-12 18:06:55,zhang-xun,2014,10
934,2014-10-13 12:23:08,zhangll,2014,10
935,2014-10-14 20:59:46,alexwen,2014,10
936,2014-10-15 01:35:09,jdwittenauer,2014,10
937,2014-10-15 12:32:26,hanchi1017,2014,10
938,2014-10-15 15:22:31,dciborow,2014,10
939,2014-10-15 19:04:25,ansonism,2014,10
940,2014-10-15 21:00:23,tspannatpivotal,2014,10
941,2014-10-16 02:02:05,aculich,2014,10
942,2014-10-16 04:29:32,delding,2014,10
943,2014-10-16 20:31:54,Dunedan,2014,10
944,2014-10-16 20:32:49,seraphin,2014,10
945,2014-10-16 20:32:58,adonoho,2014,10
946,2014-10-16 20:34:42,lemieud,2014,10
947,2014-10-16 20:47:09,jqcoffey,2014,10
948,2014-10-17 00:26:41,ctyytc,2014,10
949,2014-10-17 01:58:39,magicwind,2014,10
950,2014-10-17 04:10:00,ravwojdyla,2014,10
951,2014-10-17 05:02:20,xiahuang119,2014,10
952,2014-10-17 05:34:34,xiaoningyb,2014,10
953,2014-10-17 05:55:14,longbai,2014,10
954,2014-10-17 17:55:20,lingling2012,2014,10
955,2014-10-18 02:13:01,xtao,2014,10
956,2014-10-19 05:53:03,shawndouglass,2014,10
957,2014-10-22 14:18:54,maohong,2014,10
958,2014-10-23 22:47:20,yesky12,2014,10
959,2014-10-24 01:29:06,yangdongyan,2014,10
960,2014-10-24 13:04:55,junwucs,2014,10
961,2014-10-25 10:56:54,andyfeng101,2014,10
962,2014-10-27 01:51:03,xuleiboy1234,2014,10
963,2014-10-27 03:05:23,debugger87,2014,10
964,2014-10-28 04:45:20,mingzhou,2014,10
965,2014-10-28 10:32:15,Jake-Waxer,2014,10
966,2014-10-28 19:21:44,pbailis,2014,10
967,2014-10-28 21:53:01,lantiga,2014,10
968,2014-10-29 01:44:52,xyalan,2014,10
969,2014-10-29 03:45:24,bcherny,2014,10
970,2014-10-29 05:23:10,dcomingore-pivotal,2014,10
971,2014-10-30 07:36:46,duo,2014,10
972,2014-10-30 09:05:28,suwenyin,2014,10
973,2014-10-30 11:42:59,xWvxYWYxvWx,2014,10
974,2014-10-30 13:36:24,xxwinnie,2014,10
975,2014-10-30 13:48:39,uohzoaix,2014,10
976,2014-10-30 21:08:01,quning78,2014,10
977,2014-10-31 15:22:36,tomrogers3,2014,10
978,2014-11-01 11:50:08,jpggasi,2014,11
979,2014-11-01 22:20:26,gustaveiffel,2014,11
980,2014-11-02 06:47:08,felixcui01,2014,11
981,2014-11-02 12:15:50,liubinbin,2014,11
982,2014-11-03 01:33:38,scofier,2014,11
983,2014-11-03 01:44:54,javaplanet,2014,11
984,2014-11-03 17:43:35,infinitewhim,2014,11
985,2014-11-04 03:14:37,alanchiu,2014,11
986,2014-11-04 11:26:25,anaborg,2014,11
987,2014-11-04 14:29:50,wangyunxiang,2014,11
988,2014-11-04 17:00:19,ahars,2014,11
989,2014-11-05 03:11:03,maooyer,2014,11
990,2014-11-05 04:56:01,muraliv,2014,11
991,2014-11-05 11:31:15,0Captain,2014,11
992,2014-11-06 02:23:30,basilhe,2014,11
993,2014-11-06 05:48:05,hu17889,2014,11
994,2014-11-07 13:33:34,mileyan,2014,11
995,2014-11-07 13:59:43,vicre,2014,11
996,2014-11-07 14:37:09,pviotti,2014,11
997,2014-11-09 07:35:29,underbayan,2014,11
998,2014-11-10 06:32:41,geekard,2014,11
999,2014-11-12 02:51:16,tonykou,2014,11
1000,2014-11-13 08:43:55,shijinkui,2014,11
1001,2014-11-13 12:00:49,krisjin,2014,11
1002,2014-11-13 19:48:50,kvaishnav,2014,11
1003,2014-11-18 06:50:03,zhangyybuaa,2014,11
1004,2014-11-18 14:32:25,oceanblue1,2014,11
1005,2014-11-18 18:54:43,janzhou,2014,11
1006,2014-11-20 08:10:33,dongshentaiyi,2014,11
1007,2014-11-20 18:36:15,adereth,2014,11
1008,2014-11-20 18:37:53,arosales,2014,11
1009,2014-11-20 18:47:26,branning,2014,11
1010,2014-11-20 18:51:26,kevinlu310,2014,11
1011,2014-11-20 18:53:51,billcrook,2014,11
1012,2014-11-20 19:04:58,pikaleize,2014,11
1013,2014-11-22 10:38:13,kodurur,2014,11
1014,2014-11-24 07:36:22,fanshiqing,2014,11
1015,2014-11-24 08:14:16,nunb,2014,11
1016,2014-11-25 01:49:00,xiasiyu,2014,11
1017,2014-11-25 06:28:05,TerabyteX,2014,11
1018,2014-11-25 14:46:15,youhq97,2014,11
1019,2014-11-26 05:47:24,hyokonia,2014,11
1020,2014-11-26 07:29:00,lyjamare,2014,11
1021,2014-11-26 12:18:14,hezhit,2014,11
1022,2014-11-26 19:09:19,bhatti,2014,11
1023,2014-11-26 19:10:38,ccosmonaut,2014,11
1024,2014-11-26 19:42:14,e12e,2014,11
1025,2014-11-26 21:17:17,nisanth074,2014,11
1026,2014-11-26 21:34:25,keeganpoppen,2014,11
1027,2014-11-27 02:15:42,henry20100102,2014,11
1028,2014-11-27 03:05:41,xandmaga,2014,11
1029,2014-11-27 05:51:29,picls,2014,11
1030,2014-11-27 06:49:05,mqy,2014,11
1031,2014-11-27 12:55:06,goshakkk,2014,11
1032,2014-11-28 07:36:21,renatomassaro,2014,11
1033,2014-11-28 08:48:58,ace7,2014,11
1034,2014-11-29 10:53:51,nanjingboy,2014,11
1035,2014-11-29 11:42:21,pmuens,2014,11
1036,2014-11-30 09:22:48,ashty,2014,11
1037,2014-11-30 15:56:19,wlgq33092,2014,11
1038,2014-12-02 07:52:39,czihong,2014,12
1039,2014-12-02 08:59:42,desmoon,2014,12
1040,2014-12-02 15:32:30,helix,2014,12
1041,2014-12-03 01:27:32,shimingfei,2014,12
1042,2014-12-04 02:18:01,nyankosama,2014,12
1043,2014-12-04 02:48:36,xuqiang,2014,12
1044,2014-12-04 03:25:17,mawentao007,2014,12
1045,2014-12-04 03:30:43,zhoudaqing,2014,12
1046,2014-12-04 05:05:15,cmfriend,2014,12
1047,2014-12-04 06:17:25,dsheng,2014,12
1048,2014-12-04 06:57:08,luogankun,2014,12
1049,2014-12-04 08:52:01,zoowii,2014,12
1050,2014-12-04 10:14:30,avinashkoyyana,2014,12
1051,2014-12-04 19:24:17,letslego,2014,12
1052,2014-12-05 09:38:05,terryleetracymc,2014,12
1053,2014-12-05 16:54:05,mr5,2014,12
1054,2014-12-08 01:47:03,zzcclp,2014,12
1055,2014-12-08 07:23:14,sgzwiz,2014,12
1056,2014-12-08 22:06:28,andrew,2014,12
1057,2014-12-09 05:50:50,coderfi,2014,12
1058,2014-12-09 12:16:16,mliesenberg,2014,12
1059,2014-12-09 15:12:50,chenggangschool,2014,12
1060,2014-12-09 21:44:25,ultrazhangster,2014,12
1061,2014-12-10 05:04:07,bung87,2014,12
1062,2014-12-10 13:51:02,marctmiller,2014,12
1063,2014-12-10 16:32:57,buzheteng,2014,12
1064,2014-12-11 15:34:06,Yuanye,2014,12
1065,2014-12-12 08:02:08,kamilchm,2014,12
1066,2014-12-12 10:50:14,fkaufer,2014,12
1067,2014-12-12 19:10:46,jmasramon,2014,12
1068,2014-12-13 08:50:48,yejunsun,2014,12
1069,2014-12-14 15:18:10,Jingtian1989,2014,12
1070,2014-12-15 06:49:01,foxmailed,2014,12
1071,2014-12-15 06:52:43,ericsahit,2014,12
1072,2014-12-15 11:11:40,openinx,2014,12
1073,2014-12-16 09:57:24,healy2012,2014,12
1074,2014-12-18 01:43:57,zhanyaha,2014,12
1075,2014-12-19 01:32:09,digizer0,2014,12
1076,2014-12-19 02:17:03,LawrenceLiu,2014,12
1077,2014-12-19 08:42:56,jiessie,2014,12
1078,2014-12-20 09:04:22,marquisthunder,2014,12
1079,2014-12-21 08:13:30,zhanghaocore,2014,12
1080,2014-12-22 01:49:52,sselva,2014,12
1081,2014-12-22 07:38:08,Binyang2014,2014,12
1082,2014-12-22 19:46:46,iryndin,2014,12
1083,2014-12-24 03:22:19,infiraul,2014,12
1084,2014-12-24 06:25:25,yourfrienddhruv,2014,12
1085,2014-12-25 09:15:24,kissys,2014,12
1086,2014-12-26 14:31:52,seufagner,2014,12
1087,2014-12-26 14:48:48,xpycc,2014,12
1088,2014-12-26 22:57:45,nktpro,2014,12
1089,2014-12-27 09:35:17,jxysoft,2014,12
1090,2014-12-29 00:59:27,lingjip,2014,12
1091,2014-12-29 13:53:28,tooooolong,2014,12
1092,2014-12-30 05:52:02,HollyXuCS,2014,12
1093,2014-12-31 01:53:22,wangruofei1,2014,12
1094,2014-12-31 02:42:33,windinn,2014,12
1095,2014-12-31 18:28:57,rrreeeyyy,2014,12
1096,2015-01-01 16:45:21,shoenig,2015,1
1097,2015-01-01 20:37:41,steven-cutting,2015,1
1098,2015-01-02 13:58:43,pnas,2015,1
1099,2015-01-02 14:15:45,mhamrah,2015,1
1100,2015-01-03 08:25:24,stark-summer,2015,1
1101,2015-01-06 06:32:06,treper,2015,1
1102,2015-01-06 10:14:08,SwathiMystery,2015,1
1103,2015-01-08 05:46:06,cainanyang,2015,1
1104,2015-01-08 14:54:17,zhoudehui,2015,1
1105,2015-01-09 08:07:32,empiredan,2015,1
1106,2015-01-10 08:14:26,typhoon1986,2015,1
1107,2015-01-10 11:39:31,hannibalhuang,2015,1
1108,2015-01-10 12:31:41,dingboran,2015,1
1109,2015-01-11 02:47:21,absolute8511,2015,1
1110,2015-01-11 17:51:14,MiguelPeralvo,2015,1
1111,2015-01-14 13:52:30,wanghaisheng,2015,1
1112,2015-01-18 02:34:53,wwbmmm,2015,1
1113,2015-01-18 23:37:50,kongxianghe1234,2015,1
1114,2015-01-19 01:36:33,wanggang1987,2015,1
1115,2015-01-19 08:08:39,prayagupd,2015,1
1116,2015-01-20 07:46:31,billyschmidt,2015,1
1117,2015-01-21 17:24:05,SeraphLiu,2015,1
1118,2015-01-22 06:22:53,mryufeng,2015,1
1119,2015-01-22 08:35:00,Halo9Pan,2015,1
1120,2015-01-22 11:49:41,rvesse,2015,1
1121,2015-01-25 14:58:42,andypetrella,2015,1
1122,2015-01-26 03:53:34,richardsimoes,2015,1
1123,2015-01-26 08:54:13,zhouweico,2015,1
1124,2015-01-27 16:58:32,joecwu,2015,1
1125,2015-01-27 17:43:34,vinta,2015,1
1126,2015-01-28 10:38:01,386587793,2015,1
1127,2015-01-30 00:56:23,nizq,2015,1
1128,2015-01-30 02:50:56,materone,2015,1
1129,2015-01-31 08:43:27,speedoops,2015,1
1130,2015-01-31 21:24:54,lzl1024,2015,1
1131,2015-02-02 03:48:04,wangyunfeiyun,2015,2
1132,2015-02-02 05:26:25,guimingyue,2015,2
1133,2015-02-02 09:15:45,ccxxcc,2015,2
1134,2015-02-02 15:17:53,stanzhai,2015,2
1135,2015-02-02 16:42:10,pantaluna,2015,2
1136,2015-02-03 03:02:27,uelin,2015,2
1137,2015-02-03 04:42:00,billhongs,2015,2
1138,2015-02-04 09:08:39,wheelcomplex,2015,2
1139,2015-02-04 15:25:03,Yifei022,2015,2
1140,2015-02-04 23:57:50,parano,2015,2
1141,2015-02-05 02:40:03,monsterwater,2015,2
1142,2015-02-05 03:14:19,weixg,2015,2
1143,2015-02-05 07:45:01,doctorwho1986,2015,2
1144,2015-02-05 12:44:13,pbumbulis,2015,2
1145,2015-02-06 02:20:53,liuxiaobing,2015,2
1146,2015-02-06 05:18:44,rossmason,2015,2
1147,2015-02-06 14:50:46,Michaelyz,2015,2
1148,2015-02-06 19:42:03,nmilford,2015,2
1149,2015-02-09 08:26:57,lvyong1985,2015,2
1150,2015-02-10 07:27:31,lispking,2015,2
1151,2015-02-11 03:24:04,hhland,2015,2
1152,2015-02-13 13:27:03,totticarter,2015,2
1153,2015-02-13 22:53:49,cerebraldna,2015,2
1154,2015-02-18 17:05:02,willddy,2015,2
1155,2015-02-19 21:00:53,kzarzycki,2015,2
1156,2015-02-20 10:09:09,chuenlye,2015,2
1157,2015-02-21 00:50:05,coruus,2015,2
1158,2015-02-21 07:47:44,Gsquillace,2015,2
1159,2015-02-21 10:45:43,magj2006,2015,2
1160,2015-02-25 00:36:52,hkw2028,2015,2
1161,2015-02-25 21:28:35,nvoron23,2015,2
1162,2015-02-27 02:42:42,fywb251,2015,2
1163,2015-02-27 21:48:10,mappel,2015,2
1164,2015-03-02 07:19:10,wenerme,2015,3
1165,2015-03-02 20:59:14,smagellan,2015,3
1166,2015-03-03 01:15:32,xring,2015,3
1167,2015-03-03 01:35:15,lqgao,2015,3
1168,2015-03-03 02:59:26,toddfast,2015,3
1169,2015-03-03 09:08:27,sloth2012,2015,3
1170,2015-03-03 09:56:28,jjshanwei,2015,3
1171,2015-03-03 13:09:04,reklis,2015,3
1172,2015-03-04 08:47:50,realfirst,2015,3
1173,2015-03-05 03:50:22,virtualsafety,2015,3
1174,2015-03-06 03:01:28,dccmx,2015,3
1175,2015-03-06 06:57:43,arthyc,2015,3
1176,2015-03-06 14:49:44,wilkincheung,2015,3
1177,2015-03-06 20:55:43,dxu,2015,3
1178,2015-03-07 07:39:30,ashwinchandrap,2015,3
1179,2015-03-09 17:41:05,airhorns,2015,3
1180,2015-03-10 09:14:01,nilya,2015,3
1181,2015-03-11 00:10:24,RanHuang,2015,3
1182,2015-03-11 03:57:14,nikelius,2015,3
1183,2015-03-11 05:30:09,wenhuang1003,2015,3
1184,2015-03-11 06:55:31,guotong1988,2015,3
1185,2015-03-12 03:07:45,jesusjzp,2015,3
1186,2015-03-12 04:19:40,moczkowski,2015,3
1187,2015-03-12 15:56:38,gxp,2015,3
1188,2015-03-12 23:57:17,mjanson,2015,3
1189,2015-03-14 06:13:41,mikera,2015,3
1190,2015-03-14 16:31:36,zhouzw,2015,3
1191,2015-03-15 02:08:33,merlintang,2015,3
1192,2015-03-15 13:16:17,yyl8781697,2015,3
1193,2015-03-16 08:03:12,wangyuelucky,2015,3
1194,2015-03-16 11:45:14,Dectinc,2015,3
1195,2015-03-17 08:05:11,jeongho,2015,3
1196,2015-03-17 10:52:33,shuay,2015,3
1197,2015-03-17 18:37:31,BenFradet,2015,3
1198,2015-03-17 19:05:41,odyss009,2015,3
1199,2015-03-17 19:23:53,lazyuser,2015,3
1200,2015-03-17 20:42:39,phyxavier,2015,3
1201,2015-03-17 21:27:38,rogerdai16,2015,3
1202,2015-03-18 01:13:13,campolake,2015,3
1203,2015-03-18 02:02:08,raidery,2015,3
1204,2015-03-18 04:39:09,richarwu,2015,3
1205,2015-03-18 06:14:01,TimLand,2015,3
1206,2015-03-18 10:36:33,lgrcyanny,2015,3
1207,2015-03-18 13:56:25,xingxingcs,2015,3
1208,2015-03-18 14:25:39,fsi206914,2015,3
1209,2015-03-18 15:47:27,btbytes,2015,3
1210,2015-03-18 17:13:40,kamalbanga,2015,3
1211,2015-03-18 21:50:58,abetaha,2015,3
1212,2015-03-19 00:40:45,iNickGo,2015,3
1213,2015-03-19 01:10:32,hu,2015,3
1214,2015-03-19 05:34:25,bom-d-van,2015,3
1215,2015-03-19 06:17:18,ccdevote,2015,3
1216,2015-03-19 06:20:04,xpsair,2015,3
1217,2015-03-19 09:03:00,bitilandu,2015,3
1218,2015-03-19 14:04:11,lizihao945,2015,3
1219,2015-03-19 20:24:21,priteshm,2015,3
1220,2015-03-20 01:23:55,jacksu,2015,3
1221,2015-03-20 05:12:13,hwangsyin,2015,3
1222,2015-03-20 20:58:50,collinotis,2015,3
1223,2015-03-21 06:42:08,flier,2015,3
1224,2015-03-21 14:07:25,magic282,2015,3
1225,2015-03-23 02:15:25,poetwang,2015,3
1226,2015-03-23 06:58:02,zq111,2015,3
1227,2015-03-23 09:43:02,myhau,2015,3
1228,2015-03-23 14:46:32,zhaozhao,2015,3
1229,2015-03-23 16:03:06,danigiri,2015,3
1230,2015-03-23 18:56:34,WZ,2015,3
1231,2015-03-23 22:20:21,noprom,2015,3
1232,2015-03-24 13:19:06,michaelalan,2015,3
1233,2015-03-24 14:26:38,superalsrk,2015,3
1234,2015-03-24 19:34:02,filippog,2015,3
1235,2015-03-25 19:32:55,eclipse90,2015,3
1236,2015-03-26 12:56:09,davidmr001,2015,3
1237,2015-03-26 13:07:34,glzhou,2015,3
1238,2015-03-26 15:08:28,fanchangyong,2015,3
1239,2015-03-26 17:55:08,fanc,2015,3
1240,2015-03-27 00:46:20,vyan,2015,3
1241,2015-03-27 02:03:30,arrmac,2015,3
1242,2015-03-27 02:05:08,erma928,2015,3
1243,2015-03-27 03:14:25,liyangdal,2015,3
1244,2015-03-27 09:22:46,13860120868,2015,3
1245,2015-03-27 14:07:20,songdongsheng,2015,3
1246,2015-03-27 14:37:22,huodon,2015,3
1247,2015-03-27 15:17:15,liuxinglanyue,2015,3
1248,2015-03-27 21:37:35,danosipov,2015,3
1249,2015-03-28 04:17:39,wzyy2,2015,3
1250,2015-03-28 09:00:02,cmaxvv,2015,3
1251,2015-03-28 12:18:36,cmathser,2015,3
1252,2015-03-28 12:33:29,kiminotes,2015,3
1253,2015-03-28 13:18:33,kebohiki,2015,3
1254,2015-03-28 13:52:01,hzy87email,2015,3
1255,2015-03-29 03:57:48,darkdarkfruit,2015,3
1256,2015-03-29 13:02:52,TejasBondre,2015,3
1257,2015-03-29 13:43:58,zhaojiadi3710,2015,3
1258,2015-03-30 03:13:31,EvanYaoPeng,2015,3
1259,2015-03-30 04:54:31,xunchangguo,2015,3
1260,2015-03-30 06:08:53,wxia,2015,3
1261,2015-03-30 15:01:25,zhtsh,2015,3
1262,2015-03-31 01:22:56,josephjacks,2015,3
1263,2015-03-31 06:16:26,flrngel,2015,3
1264,2015-03-31 08:00:31,dengqixing,2015,3
1265,2015-03-31 08:55:51,mojia,2015,3
1266,2015-03-31 09:18:17,MadeInChina,2015,3
1267,2015-04-01 00:40:44,fubuki,2015,4
1268,2015-04-01 02:35:11,warmbreeze,2015,4
1269,2015-04-01 06:26:40,navado,2015,4
1270,2015-04-01 06:59:34,junshiguo,2015,4
1271,2015-04-01 18:00:54,syepes,2015,4
1272,2015-04-02 04:46:40,huajh,2015,4
1273,2015-04-03 05:35:30,pensz,2015,4
1274,2015-04-03 05:36:57,magicdoom,2015,4
1275,2015-04-03 09:31:20,adonis2014,2015,4
1276,2015-04-03 14:47:39,MatMaul,2015,4
1277,2015-04-03 14:58:39,hellwen,2015,4
1278,2015-04-03 17:09:38,feiquanbifeng,2015,4
1279,2015-04-03 17:23:15,jh86,2015,4
1280,2015-04-05 03:57:55,sipims,2015,4
1281,2015-04-05 08:17:06,aswmtjdsj,2015,4
1282,2015-04-05 17:02:21,sharper,2015,4
1283,2015-04-06 02:08:27,qihaiyan,2015,4
1284,2015-04-06 04:48:11,oxsean,2015,4
1285,2015-04-06 18:07:32,kennethmyers-ibm,2015,4
1286,2015-04-07 00:33:49,yubingxing,2015,4
1287,2015-04-08 22:16:32,leeth,2015,4
1288,2015-04-10 06:59:45,yatsu,2015,4
1289,2015-04-11 13:38:07,ipandage,2015,4
1290,2015-04-11 14:46:24,hoondori,2015,4
1291,2015-04-11 15:13:34,thermosym,2015,4
1292,2015-04-15 03:36:20,mbrukman,2015,4
1293,2015-04-15 03:36:52,prettykernel,2015,4
1294,2015-04-15 04:46:39,BillTian,2015,4
1295,2015-04-15 13:02:08,Yhzhtk,2015,4
1296,2015-04-16 06:28:54,silasmith,2015,4
1297,2015-04-16 09:31:31,TonyNIU,2015,4
1298,2015-04-16 19:36:22,nellaivijay,2015,4
1299,2015-04-17 08:15:22,haiveu,2015,4
1300,2015-04-17 21:25:04,mleong245,2015,4
1301,2015-04-18 12:14:46,panfengfeng,2015,4
1302,2015-04-19 02:25:07,secondwtq,2015,4
1303,2015-04-19 04:35:32,snowyu,2015,4
1304,2015-04-20 06:40:40,byronyi,2015,4
1305,2015-04-20 08:10:29,xwnjnu,2015,4
1306,2015-04-20 09:39:05,mad,2015,4
1307,2015-04-20 15:29:45,taojuntjpp,2015,4
1308,2015-04-21 14:03:52,libenchao,2015,4
1309,2015-04-22 16:11:55,SteveZhuo,2015,4
1310,2015-04-23 10:01:47,lo,2015,4
1311,2015-04-26 15:20:17,cycorey,2015,4
1312,2015-04-27 20:37:10,Tagar,2015,4
1313,2015-04-28 08:14:40,ssheikholeslami,2015,4
1314,2015-04-28 08:41:44,xiaoguanyu,2015,4
1315,2015-04-30 05:59:10,basicthinker,2015,4
1316,2015-04-30 09:37:40,windscope,2015,4
1317,2015-04-30 22:32:05,apc999,2015,4
1318,2015-05-01 01:08:19,yanxiongjian,2015,5
1319,2015-05-03 02:35:40,baayso,2015,5
1320,2015-05-03 03:45:59,yixinglu,2015,5
1321,2015-05-03 07:49:16,arden,2015,5
1322,2015-05-03 11:20:38,icode,2015,5
1323,2015-05-03 12:52:32,fgyang,2015,5
1324,2015-05-03 13:50:13,heichong,2015,5
1325,2015-05-03 13:58:14,fireae,2015,5
1326,2015-05-03 20:00:16,taimur97,2015,5
1327,2015-05-03 21:22:22,ducktype,2015,5
1328,2015-05-04 00:05:11,wrmsr,2015,5
1329,2015-05-04 00:33:28,leocabral,2015,5
1330,2015-05-04 00:42:54,justfortooltest,2015,5
1331,2015-05-04 00:59:22,luoyjx,2015,5
1332,2015-05-04 01:18:52,yanhaijian,2015,5
1333,2015-05-04 01:57:51,liushengkai,2015,5
1334,2015-05-04 02:19:06,TEENSTIAN,2015,5
1335,2015-05-04 03:01:16,qddegtya,2015,5
1336,2015-05-04 03:10:46,LiFZhe,2015,5
1337,2015-05-04 04:31:04,LOG-TAG,2015,5
1338,2015-05-04 04:39:16,qizhangqi,2015,5
1339,2015-05-04 05:10:05,cole2295,2015,5
1340,2015-05-04 05:47:19,rainsun007,2015,5
1341,2015-05-04 08:30:35,maoabc1818,2015,5
1342,2015-05-04 08:47:25,jestan,2015,5
1343,2015-05-04 09:05:29,hcxiong,2015,5
1344,2015-05-04 12:05:22,mkhoeini,2015,5
1345,2015-05-04 13:30:55,tankle,2015,5
1346,2015-05-05 04:45:05,sdcuike,2015,5
1347,2015-05-05 05:47:56,oscar810429,2015,5
1348,2015-05-05 10:21:22,lixin3811,2015,5
1349,2015-05-05 10:41:10,ruoyousi,2015,5
1350,2015-05-05 14:58:37,wklken,2015,5
1351,2015-05-05 19:24:41,atimba,2015,5
1352,2015-05-06 00:03:44,zenithght,2015,5
1353,2015-05-06 01:19:53,yanspirit,2015,5
1354,2015-05-06 02:42:56,GodfreyJohnson,2015,5
1355,2015-05-06 07:12:58,lawmillion,2015,5
1356,2015-05-07 02:32:34,Robert0812,2015,5
1357,2015-05-07 04:48:21,rookiefly,2015,5
1358,2015-05-07 23:52:51,victor2100,2015,5
1359,2015-05-08 03:43:35,ch33hau,2015,5
1360,2015-05-08 07:00:58,seayi,2015,5
1361,2015-05-08 15:42:50,herderwu,2015,5
1362,2015-05-09 03:24:30,gobraves,2015,5
1363,2015-05-09 05:11:58,Karma-Revolution,2015,5
1364,2015-05-09 08:29:38,hayesSwing,2015,5
1365,2015-05-09 08:37:38,CedicChen,2015,5
1366,2015-05-10 03:21:28,sbilly,2015,5
1367,2015-05-11 03:16:01,janfon0715,2015,5
1368,2015-05-11 12:35:40,hussion,2015,5
1369,2015-05-12 09:51:47,guyson,2015,5
1370,2015-05-12 17:23:58,pcdingman,2015,5
1371,2015-05-12 18:26:26,koojh89,2015,5
1372,2015-05-13 06:07:37,ifhuang,2015,5
1373,2015-05-13 12:07:17,lantian0802,2015,5
1374,2015-05-14 10:39:03,itsliupeng,2015,5
1375,2015-05-14 10:51:02,wildthink,2015,5
1376,2015-05-14 14:43:37,kevinho123a,2015,5
1377,2015-05-15 01:36:29,zjpjack,2015,5
1378,2015-05-15 01:57:11,hekailiang,2015,5
1379,2015-05-15 03:28:31,JohnnyXu,2015,5
1380,2015-05-16 07:29:53,jasonqu,2015,5
1381,2015-05-16 13:46:10,wtmmac,2015,5
1382,2015-05-17 15:21:36,jiamo,2015,5
1383,2015-05-18 00:48:45,GinRyan,2015,5
1384,2015-05-18 09:39:32,gkwww,2015,5
1385,2015-05-18 09:53:35,tyskin,2015,5
1386,2015-05-18 21:12:05,madraslabs,2015,5
1387,2015-05-19 02:40:05,xylvxy,2015,5
1388,2015-05-19 04:16:15,lubaohui,2015,5
1389,2015-05-19 12:50:25,euclides5414,2015,5
1390,2015-05-20 06:20:16,hhqqnu,2015,5
1391,2015-05-21 12:26:45,pgericson,2015,5
1392,2015-05-21 15:23:57,alcidesmorales,2015,5
1393,2015-05-22 03:00:30,hong0220,2015,5
1394,2015-05-22 06:28:05,hechangbin,2015,5
1395,2015-05-22 16:30:00,jwbelew,2015,5
1396,2015-05-22 17:38:23,mikeatlas,2015,5
1397,2015-05-23 05:49:41,liuchhello,2015,5
1398,2015-05-23 13:42:13,fourpartswater,2015,5
1399,2015-05-24 05:47:44,kabirc,2015,5
1400,2015-05-25 03:28:34,RockySteveJobs,2015,5
1401,2015-05-26 07:21:27,tdmackey,2015,5
1402,2015-05-26 07:28:47,carsonwang,2015,5
1403,2015-05-26 09:00:50,oshixiaoxiliu,2015,5
1404,2015-05-26 10:02:37,XeonZhao,2015,5
1405,2015-05-27 13:14:58,sbcmsbgithub,2015,5
1406,2015-05-28 13:28:30,wowmsi,2015,5
1407,2015-05-31 06:39:52,msmummy,2015,5
1408,2015-05-31 10:46:05,curtiskwong5,2015,5
1409,2015-06-02 01:37:06,gegaojian-richard,2015,6
1410,2015-06-02 03:39:45,Madison2014,2015,6
1411,2015-06-02 06:09:36,leomzhong,2015,6
1412,2015-06-02 12:17:37,longxin010,2015,6
1413,2015-06-03 09:29:46,code4ape,2015,6
1414,2015-06-03 22:55:32,crazycarry,2015,6
1415,2015-06-04 09:45:28,golangpkg,2015,6
1416,2015-06-04 20:10:13,jackyxhb,2015,6
1417,2015-06-05 03:06:42,kunth,2015,6
1418,2015-06-05 08:57:37,williamjie,2015,6
1419,2015-06-06 00:41:33,alongyin,2015,6
1420,2015-06-06 16:14:43,edwardlin28,2015,6
1421,2015-06-06 16:43:27,jeanlyn,2015,6
1422,2015-06-07 05:35:10,akalyaev,2015,6
1423,2015-06-08 08:33:10,hjjety1234,2015,6
1424,2015-06-09 14:41:36,lkyprogramer,2015,6
1425,2015-06-09 22:16:12,calvinjia,2015,6
1426,2015-06-09 22:36:23,gpang,2015,6
1427,2015-06-10 11:14:10,LinJianping,2015,6
1428,2015-06-10 11:52:05,johnsamuelwrites,2015,6
1429,2015-06-10 19:52:16,matyunin,2015,6
1430,2015-06-12 09:10:08,rycoxiao,2015,6
1431,2015-06-13 05:01:43,yogeshpaul,2015,6
1432,2015-06-15 15:03:39,betarvel,2015,6
1433,2015-06-15 22:53:35,prashks,2015,6
1434,2015-06-16 13:07:40,kongxi,2015,6
1435,2015-06-16 22:30:27,kapiljaisinghani,2015,6
1436,2015-06-19 06:20:32,doarthon,2015,6
1437,2015-06-20 06:36:22,zhujiaye,2015,6
1438,2015-06-20 11:01:55,doppioslash,2015,6
1439,2015-06-24 07:10:59,pbelmann,2015,6
1440,2015-06-24 08:05:14,DayoWang,2015,6
1441,2015-06-24 08:50:19,makelove,2015,6
1442,2015-06-25 06:50:15,yuchen99,2015,6
1443,2015-06-25 09:49:20,austincv,2015,6
1444,2015-06-26 01:38:47,ibsd,2015,6
1445,2015-06-26 03:01:13,oyach,2015,6
1446,2015-06-26 09:14:43,iamlyg98,2015,6
1447,2015-06-27 03:16:56,liruijie-org,2015,6
1448,2015-06-30 13:13:10,cnrainbing,2015,6
1449,2015-06-30 22:17:16,ScottMansfield,2015,6
1450,2015-07-01 03:13:15,andrewlee302,2015,7
1451,2015-07-01 04:17:01,VinGorilla,2015,7
1452,2015-07-02 03:16:42,hungaikev,2015,7
1453,2015-07-02 05:42:16,ruoyu-chen,2015,7
1454,2015-07-03 04:35:21,sky7644,2015,7
1455,2015-07-03 09:08:28,yingmsky,2015,7
1456,2015-07-03 12:31:36,NDuma,2015,7
1457,2015-07-03 18:13:44,sourcedelica,2015,7
1458,2015-07-04 06:08:22,jxauwxj,2015,7
1459,2015-07-05 08:03:15,hillwater,2015,7
1460,2015-07-06 01:53:21,Tangxuguo,2015,7
1461,2015-07-08 06:12:07,zhangzhonglai,2015,7
1462,2015-07-08 07:49:06,anatolbran,2015,7
1463,2015-07-09 01:57:13,xiaoyao1991,2015,7
1464,2015-07-09 07:32:06,MacinLiu,2015,7
1465,2015-07-09 19:08:38,xuzha,2015,7
1466,2015-07-10 05:02:38,wention,2015,7
1467,2015-07-10 06:38:23,weberxie,2015,7
1468,2015-07-12 08:22:07,narahari92,2015,7
1469,2015-07-13 01:15:45,bruce-sha,2015,7
1470,2015-07-15 06:31:44,huasanyelao,2015,7
1471,2015-07-17 07:22:34,jjeffcaii,2015,7
1472,2015-07-17 20:03:24,wynnb,2015,7
1473,2015-07-19 08:25:48,gaoshunsheng,2015,7
1474,2015-07-20 13:49:08,zhuhyc,2015,7
1475,2015-07-22 21:19:47,vrecan,2015,7
1476,2015-07-26 11:07:30,kaandok,2015,7
1477,2015-07-28 19:16:47,jnadler,2015,7
1478,2015-07-29 00:34:36,aurnik,2015,7
1479,2015-07-29 02:18:53,huyang1532,2015,7
1480,2015-07-29 10:26:29,yubobo,2015,7
1481,2015-07-29 11:54:52,jonbuffington,2015,7
1482,2015-07-29 23:50:23,zhuangh,2015,7
1483,2015-07-30 05:16:03,jthelin,2015,7
1484,2015-07-30 12:40:37,netroby,2015,7
1485,2015-07-31 01:41:06,JasonGiedymin,2015,7
1486,2015-07-31 10:01:35,haode888,2015,7
1487,2015-08-01 18:09:01,mgasner,2015,8
1488,2015-08-04 03:32:42,lkjx77,2015,8
1489,2015-08-04 21:14:41,ycool,2015,8
1490,2015-08-05 01:28:37,hung-phan,2015,8
1491,2015-08-05 09:39:01,sunyi00,2015,8
1492,2015-08-06 01:43:20,bcajes,2015,8
1493,2015-08-07 16:39:09,mickeygraham,2015,8
1494,2015-08-10 14:39:30,wjybluse,2015,8
1495,2015-08-10 17:25:48,SunZhaonan,2015,8
1496,2015-08-10 22:35:20,zzyn,2015,8
1497,2015-08-10 23:20:09,chenjerry,2015,8
